CustomerID,HoTen,GioiTinh,NgaySinhCon,DiaChi,KhuVuc
1,Chị Nhật Phạm,Nu,2025-01-26,Nghe An,Nong thon
2,Hà Hữu Dương,Nam,2022-10-08,Ho Chi Minh,Thanh thi
3,Xuân Bùi,Nam,2022-08-16,Nghe An,Nong thon
4,Quang Đặng,Nam,2023-12-04,Da Nang,Thanh thi
5,Quý cô Yến Nguyễn,Nu,2023-01-28,Ho Chi Minh,Thanh thi
6,Thảo Mai,Nu,2023-10-01,Ho Chi Minh,Nong thon
7,Khoa Mai,Nam,2024-02-03,Nghe An,Nong thon
8,Dương Hoàng,Nam,2025-09-25,Ha Noi,Nong thon
9,Khoa Lê,Nu,2021-06-24,Hai Duong,Nong thon
10,Nhật Lê,Nu,2023-12-10,Da Nang,Nong thon
11,Khoa Đức Lê,Nam,2023-12-02,Hai Duong,Nong thon
12,Chị Kim Đặng,Nu,2024-08-08,Hai Duong,Nong thon
13,Cô Hạnh Hoàng,Nam,2023-02-02,Hai Duong,Thanh thi
14,Anh Đức Đặng,Nu,2021-09-20,Nghe An,Nong thon
15,Bác Khoa Dương,Nu,2025-06-30,Hai Duong,Nong thon
16,Quang Bùi,Nu,2024-03-10,Ho Chi Minh,Thanh thi
17,Bà Thành Phạm,Nam,2024-08-07,Hai Duong,Nong thon
18,Chị Mai Đặng,Nu,2025-10-11,Ho Chi Minh,Nong thon
19,Khoa Phạm,Nu,2022-06-19,Ho Chi Minh,Thanh thi
20,Ông Hoàng Mai,Nu,2025-06-11,Da Nang,Thanh thi
21,Chị Lan Lê,Nam,2023-11-18,Ha Noi,Nong thon
22,Ông Quang Hoàng,Nam,2022-10-03,Nghe An,Nong thon
23,Hương Lê,Nu,2022-10-09,Ha Noi,Thanh thi
24,Minh Vũ,Nam,2023-09-21,Nghe An,Thanh thi
25,Chị An Nguyễn,Nam,2021-10-15,Da Nang,Thanh thi
26,Hạnh Lê,Nam,2023-04-13,Ha Noi,Nong thon
27,Tú Hoàng Lê,Nam,2025-11-18,Ha Noi,Nong thon
28,Anh Nhiên Vũ,Nam,2022-02-19,Hai Duong,Thanh thi
29,Vi Phạm,Nam,2021-04-06,Ho Chi Minh,Thanh thi
30,Nhật Mai Phạm,Nu,2022-08-27,Nghe An,Nong thon
31,Khoa Hữu Đặng,Nam,2024-06-08,Hai Duong,Thanh thi
32,Chị Nhật Mai,Nam,2022-11-05,Nghe An,Thanh thi
33,Ngọc Bùi,Nam,2025-10-12,Da Nang,Thanh thi
34,Phương Mai Mai,Nam,2022-07-22,Ho Chi Minh,Thanh thi
35,Quang Mai,Nu,2024-11-10,Da Nang,Nong thon
36,Dũng Hoàng,Nu,2024-06-12,Ho Chi Minh,Nong thon
37,Linh Đặng,Nam,2021-06-01,Ha Noi,Thanh thi
38,Nhật Dương,Nam,2021-12-03,Da Nang,Nong thon
39,An Tấn Nguyễn,Nu,2022-01-12,Hai Duong,Nong thon
40,Thành Nguyễn,Nam,2022-10-27,Nghe An,Thanh thi
41,Ông Minh Dương,Nam,2021-07-14,Ha Noi,Nong thon
42,Quý cô Lâm Lê,Nam,2021-06-08,Hai Duong,Nong thon
43,Dũng Mai,Nam,2021-04-09,Ha Noi,Nong thon
44,Thành Phạm,Nu,2023-02-09,Ha Noi,Nong thon
45,Hưng Đặng,Nam,2022-10-12,Hai Duong,Thanh thi
46,Quý cô Xuân Hoàng,Nu,2021-05-03,Da Nang,Nong thon
47,Bà Chi Phạm,Nu,2021-05-06,Nghe An,Nong thon
48,Bà Nhật Nguyễn,Nam,2021-02-07,Ho Chi Minh,Thanh thi
49,Trọng Phú Trần,Nam,2023-09-07,Ho Chi Minh,Thanh thi
50,Hải Bảo Mai,Nu,2021-04-29,Hai Duong,Thanh thi
51,Dương Vũ,Nam,2024-07-09,Ha Noi,Nong thon
52,Châu Dương,Nam,2023-11-22,Ha Noi,Nong thon
53,Cô Vân Vũ,Nam,2022-03-24,Da Nang,Nong thon
54,Thành Bảo Phạm,Nu,2022-07-19,Ho Chi Minh,Thanh thi
55,Bảo Trần,Nam,2024-06-16,Da Nang,Thanh thi
56,Hà Trần,Nu,2023-01-17,Da Nang,Nong thon
57,Bà Yến Hoàng,Nu,2024-08-05,Ha Noi,Thanh thi
58,Phúc Đức Lê,Nam,2023-05-16,Da Nang,Thanh thi
59,Phương Đặng,Nu,2024-10-02,Ho Chi Minh,Nong thon
60,Anh Mai Bảo Bùi,Nu,2022-09-01,Ha Noi,Nong thon
61,Hải Hoàng,Nu,2024-05-01,Ha Noi,Nong thon
62,Ông Phúc Trần,Nam,2023-08-09,Ho Chi Minh,Nong thon
63,Trung Dương,Nam,2022-11-26,Hai Duong,Nong thon
64,Bà Thảo Vũ,Nam,2023-08-01,Ho Chi Minh,Thanh thi
65,Cô Lan Bùi,Nu,2022-07-15,Da Nang,Nong thon
66,Quý cô Ánh Nguyễn,Nu,2023-12-20,Ha Noi,Thanh thi
67,Bà Hạnh Phạm,Nu,2025-01-17,Nghe An,Thanh thi
68,An Đức Nguyễn,Nu,2024-11-10,Hai Duong,Nong thon
69,Cô Thảo Dương,Nu,2024-10-10,Da Nang,Nong thon
70,Cô Kim Đặng,Nam,2021-05-01,Da Nang,Thanh thi
71,Thành Trần,Nam,2021-05-25,Ho Chi Minh,Thanh thi
72,Quang Phú Hoàng,Nu,2021-10-17,Nghe An,Thanh thi
73,Chi Phạm,Nu,2023-12-19,Da Nang,Nong thon
74,Hà Mai Mai,Nu,2025-08-16,Hai Duong,Nong thon
75,Linh Hoàng,Nu,2023-03-01,Ho Chi Minh,Thanh thi
76,Lâm Dương,Nu,2021-12-26,Da Nang,Nong thon
77,Nhật Phú Nguyễn,Nu,2023-06-29,Ho Chi Minh,Nong thon
78,Quý ông Nhiên Lê,Nam,2023-12-04,Da Nang,Thanh thi
79,Anh Trần,Nam,2022-06-17,Ha Noi,Nong thon
80,Bà Hạnh Dương,Nu,2023-01-21,Ha Noi,Thanh thi
81,Hồng Hoàng,Nu,2025-01-29,Ho Chi Minh,Thanh thi
82,Dương Dương,Nam,2024-10-08,Nghe An,Nong thon
83,Khoa Xuân Phạm,Nam,2024-08-19,Nghe An,Nong thon
84,An Bùi,Nam,2025-04-11,Ho Chi Minh,Nong thon
85,Anh Đặng,Nu,2022-05-20,Nghe An,Thanh thi
86,Cô An Bùi,Nu,2025-01-03,Nghe An,Nong thon
87,Chị An Phạm,Nu,2025-03-30,Ha Noi,Thanh thi
88,Phương Bùi,Nu,2022-10-10,Nghe An,Thanh thi
89,Bà Lâm Đặng,Nam,2023-03-10,Ha Noi,Thanh thi
90,Cô Thảo Đặng,Nam,2025-06-29,Da Nang,Thanh thi
91,Bác Hưng Trần,Nam,2021-10-27,Ho Chi Minh,Thanh thi
92,Hải Văn Hoàng,Nam,2022-07-02,Ha Noi,Nong thon
93,Phúc Mai,Nu,2021-01-08,Ha Noi,Nong thon
94,Quý ông Minh Đặng,Nam,2024-10-01,Ho Chi Minh,Thanh thi
95,Quý cô Vân Hoàng,Nam,2025-04-29,Hai Duong,Thanh thi
96,Quý cô An Bùi,Nu,2025-01-21,Da Nang,Thanh thi
97,Anh Huy Phạm,Nam,2025-07-09,Ha Noi,Nong thon
98,An Đặng,Nu,2020-11-26,Ha Noi,Nong thon
99,Hương Hoàng,Nu,2023-02-01,Nghe An,Nong thon
100,Bà Nhật Nguyễn,Nu,2022-05-27,Ho Chi Minh,Thanh thi
101,Ông Trung Nguyễn,Nam,2021-03-27,Ho Chi Minh,Thanh thi
102,Hạnh Mai,Nam,2022-04-12,Da Nang,Nong thon
103,Bà Yến Mai,Nu,2023-09-06,Da Nang,Thanh thi
104,Cô Mai Mai,Nu,2025-08-16,Hai Duong,Nong thon
105,Phương Xuân Đặng,Nu,2023-10-30,Nghe An,Thanh thi
106,Anh Dũng Lê,Nam,2024-10-03,Ha Noi,Thanh thi
107,Vũ Vũ,Nam,2024-03-22,Hai Duong,Thanh thi
108,Quý ông Hưng Lê,Nu,2022-08-17,Hai Duong,Nong thon
109,Lâm Đặng,Nu,2025-08-13,Ho Chi Minh,Thanh thi
110,Anh Văn Đặng,Nam,2024-11-18,Hai Duong,Nong thon
111,Hà Tấn Dương,Nu,2023-02-21,Ha Noi,Thanh thi
112,Cô Ánh Hoàng,Nu,2023-05-10,Ha Noi,Nong thon
113,Dương Vũ,Nu,2025-09-23,Da Nang,Nong thon
114,Trung Mai,Nu,2025-05-24,Nghe An,Thanh thi
115,Bà Hà Trần,Nam,2024-10-04,Hai Duong,Nong thon
116,Chị Vân Hoàng,Nam,2023-04-27,Da Nang,Nong thon
117,Bảo Bùi,Nu,2021-06-12,Ho Chi Minh,Thanh thi
118,Quý cô Nhật Hoàng,Nam,2023-11-05,Hai Duong,Thanh thi
119,Nhật Mai Nguyễn,Nu,2021-06-30,Ha Noi,Thanh thi
120,Anh Trọng Phạm,Nam,2022-02-15,Hai Duong,Nong thon
121,Phúc Thị Phạm,Nam,2021-08-15,Da Nang,Nong thon
122,Thảo Dương,Nu,2024-12-26,Ho Chi Minh,Thanh thi
123,Nhật Bảo Trần,Nam,2025-05-20,Nghe An,Nong thon
124,Xuân Trần,Nu,2023-11-30,Ha Noi,Thanh thi
125,Kim Thế Đặng,Nu,2021-07-08,Ha Noi,Thanh thi
126,Tú Hoàng,Nam,2024-11-22,Ha Noi,Thanh thi
127,Hà Đức Phạm,Nam,2024-05-12,Da Nang,Nong thon
128,Cô Nhật Lê,Nam,2024-08-06,Nghe An,Thanh thi
129,Thành Mai Nguyễn,Nam,2024-12-15,Hai Duong,Thanh thi
130,Thành Hoàng,Nu,2025-01-13,Ha Noi,Nong thon
131,Anh Bảo Đặng,Nu,2022-04-18,Hai Duong,Thanh thi
132,Lan Bùi,Nam,2022-07-27,Nghe An,Thanh thi
133,Trọng Vũ,Nu,2021-11-13,Ha Noi,Thanh thi
134,Ông Dũng Trần,Nam,2022-06-18,Nghe An,Nong thon
135,Lâm Lê,Nu,2022-10-17,Nghe An,Nong thon
136,Chị Hạnh Hoàng,Nu,2025-09-04,Nghe An,Nong thon
137,Quý cô Ngọc Mai,Nam,2020-12-31,Da Nang,Thanh thi
138,Duyên Dương,Nu,2023-02-02,Nghe An,Thanh thi
139,Bà Vân Bùi,Nam,2021-11-18,Ho Chi Minh,Nong thon
140,Xuân Đặng,Nu,2021-09-02,Hai Duong,Thanh thi
141,Nhật Thế Đặng,Nam,2024-08-04,Nghe An,Nong thon
142,Xuân Bùi,Nu,2024-03-20,Da Nang,Nong thon
143,Bà Thành Hoàng,Nu,2022-07-06,Ho Chi Minh,Nong thon
144,Chị Hồng Phạm,Nu,2021-10-26,Da Nang,Nong thon
145,Khoa Hoàng Dương,Nam,2025-09-22,Da Nang,Nong thon
146,Nam Đức Trần,Nu,2021-08-31,Hai Duong,Nong thon
147,Bác Nam Vũ,Nam,2023-09-09,Nghe An,Nong thon
148,Bác Nam Trần,Nu,2024-03-24,Ha Noi,Thanh thi
149,Linh Phạm,Nam,2025-09-24,Ho Chi Minh,Nong thon
150,Khoa Mai Bảo Đặng,Nam,2023-03-15,Ha Noi,Nong thon
151,Ánh Mai,Nam,2023-11-28,Da Nang,Thanh thi
152,Vi Bùi,Nam,2025-04-12,Hai Duong,Nong thon
153,Nam Lê,Nu,2021-01-07,Ha Noi,Thanh thi
154,Anh Dũng Mai,Nu,2024-08-06,Ho Chi Minh,Nong thon
155,Anh Hoàng Lê,Nam,2024-12-24,Ha Noi,Thanh thi
156,Hạnh Đặng,Nam,2023-09-01,Hai Duong,Thanh thi
157,Hồng Lê,Nam,2021-09-14,Hai Duong,Nong thon
158,Cô Nhật Dương,Nam,2023-11-14,Ha Noi,Thanh thi
159,Ông Nhiên Lê,Nu,2021-03-07,Da Nang,Thanh thi
160,Chị Duyên Trần,Nu,2025-06-11,Nghe An,Nong thon
161,Ánh Phạm,Nam,2024-02-16,Ho Chi Minh,Thanh thi
162,Cô Vi Lê,Nam,2021-05-11,Nghe An,Thanh thi
163,Chị Kim Trần,Nam,2022-11-03,Nghe An,Thanh thi
164,Nam Nguyễn,Nu,2022-08-11,Ho Chi Minh,Thanh thi
165,Hải Thế Trần,Nam,2025-04-04,Ho Chi Minh,Nong thon
166,Bà Linh Trần,Nu,2022-03-16,Da Nang,Nong thon
167,Ánh Phạm,Nam,2021-05-23,Da Nang,Thanh thi
168,Lâm Dương,Nu,2020-12-09,Ha Noi,Thanh thi
169,Dũng Bảo Mai,Nu,2024-05-14,Nghe An,Thanh thi
170,Cô Hạnh Bùi,Nam,2025-07-27,Ha Noi,Nong thon
171,Chị Kim Nguyễn,Nam,2025-04-26,Da Nang,Nong thon
172,Lâm Phạm,Nu,2023-07-01,Nghe An,Nong thon
173,Nhật Quang Hoàng,Nam,2021-06-30,Hai Duong,Thanh thi
174,Lâm Mai,Nam,2023-08-22,Hai Duong,Nong thon
175,Yến Nguyễn,Nam,2021-03-11,Ho Chi Minh,Nong thon
176,Lâm Tấn Lê,Nam,2024-11-21,Ho Chi Minh,Thanh thi
177,Tùng Dương,Nu,2021-10-12,Ho Chi Minh,Thanh thi
178,Cô Thành Hoàng,Nu,2025-03-14,Nghe An,Thanh thi
179,Khoa Hoàng,Nam,2023-05-23,Ho Chi Minh,Nong thon
180,Hạnh Hoàng Lê,Nam,2024-01-20,Ha Noi,Nong thon
181,Dương Đặng,Nu,2024-02-24,Ha Noi,Thanh thi
182,Anh Khoa Đặng,Nam,2023-04-12,Nghe An,Nong thon
183,Thảo Dương,Nu,2021-04-23,Ha Noi,Thanh thi
184,Quý ông Trung Phạm,Nu,2020-12-17,Hai Duong,Nong thon
185,Bà Thành Vũ,Nu,2025-06-03,Ho Chi Minh,Nong thon
186,Ông Tú Đặng,Nam,2021-10-13,Ha Noi,Nong thon
187,Nhật Đức Trần,Nu,2025-01-03,Ha Noi,Thanh thi
188,Bà Hà Phạm,Nam,2025-09-21,Da Nang,Thanh thi
189,Trung Hữu Nguyễn,Nam,2023-04-23,Ho Chi Minh,Thanh thi
190,Quang Xuân Vũ,Nu,2024-08-04,Ha Noi,Thanh thi
191,Nhật Quang Vũ,Nam,2024-12-18,Da Nang,Nong thon
192,Lâm Quang Nguyễn,Nu,2023-07-04,Ho Chi Minh,Thanh thi
193,Tú Mai Trần,Nu,2023-05-25,Hai Duong,Thanh thi
194,Bác Khoa Hoàng,Nu,2021-06-11,Hai Duong,Thanh thi
195,Mai Hoàng,Nu,2022-08-07,Hai Duong,Nong thon
196,Quý cô Chi Mai,Nu,2021-10-10,Nghe An,Thanh thi
197,Bảo Phạm,Nam,2023-07-01,Nghe An,Nong thon
198,Chị Ánh Mai,Nam,2023-12-21,Hai Duong,Nong thon
199,Thành Vũ,Nu,2020-12-22,Ha Noi,Nong thon
200,Mai Đặng,Nam,2023-11-10,Hai Duong,Thanh thi
